binAges,band1_med,band1_lo,band1_hi,band2_med,band2_lo,band2_hi,band3_med,band3_lo,band3_hi,band4_med,band4_lo,band4_hi,band5_med,band5_lo,band5_hi,band6_med,band6_lo,band6_hi
0.0,0.5604620833935645,-0.29217723672682416,3.063850368575896,0.04212070639996435,-1.2011987820395051,1.3685942021921143,0.08455947299021724,-0.7415415063366582,1.0445953571996351,0.03678673877700615,-0.8224086078886561,0.9754606217441982,0.1233424112950999,-0.14169042618721878,0.7240472447465822,0.1249831056420215,-0.5973935686408953,0.9182780734596109
100.0,0.0,-0.958849789051192,1.0580761797858367,5.549759870410176e-17,-1.1662498268049069,1.1312640047614955,0.0,-0.6529979421040776,0.7467499204450104,0.0,-0.8869123198144686,0.7462934284388554,0.0,-0.2892651693462638,0.36955644769692475,1.110494075168278e-16,-0.732009095042588,0.6782964319329493
200.0,-0.233541067259706,-1.9307172696750545,0.5215299506091885,0.10281295964320135,-0.9148504893423064,1.4687084455220845,0.08978917661157004,-0.5766448351490441,0.7386637221369341,0.060485976582040205,-0.58471545731613,0.8160226187842403,0.00538260264936455,-0.28952145625462317,0.3883813607523982,0.1070203295585585,-0.525884581155301,0.8670854519223458
300.0,-0.161003324301645,-1.927736130286276,0.6979089701406453,0.06228104485050755,-1.0248382855768745,1.158150119949857,0.029191013326482,-0.5801182325030829,0.5918058473849696,0.058124579279326,-0.6951949569270192,0.9272750327556651,0.0017714316528647,-0.2855802719506701,0.3668010037992329,0.01528654627376795,-0.6870869102708329,0.6961769388785412
400.0,-0.09348416105990509,-1.702585091946238,0.8008077018528718,0.01882473755942715,-1.031888214120664,1.2373679198659249,0.05147206106333905,-0.544431220144782,0.5800024555749793,0.06572315801579605,-0.707452623800999,1.01778693747168,0.09551577013887855,-0.14376661038297078,0.6815351998054491,-0.0550621670008261,-0.9459228941414766,0.5099213045550574
500.0,0.0376293037158588,-1.1372657967500146,1.0880171529803855,0.015300028363597451,-1.1532653210182535,1.0707818035046703,0.0851929265801217,-0.4429196285613972,0.6088233728083093,-0.0047811278252075495,-0.7482314921653774,0.7778642570561844,0.1272902915174255,-0.10692567880371473,0.7490261988788492,0.040563671915723604,-0.6663984608256969,0.7117379231848723
600.0,0.2601177265543665,-0.644654111543911,1.5453074446494426,-0.0177209513012926,-1.0878989413466436,0.9858090517197428,0.1688988787735595,-0.3101033355383551,0.7221582895665771,-0.0077815794755499495,-0.7471632193332433,0.6827758201660504,0.162019727818962,-0.09431801718145763,0.8702260922688445,0.0241407737168072,-0.6617957738406339,0.6920855460817676
700.0,0.019970436174266998,-1.2241162472531073,1.1401132581957023,0.0269112620644374,-1.0369573812456825,1.0790139718973992,0.19224937890399596,-0.26665260711060484,0.7714829669289075,-0.0555826467356216,-0.7409973648455176,0.5642173248862025,0.12577248936229615,-0.10632593489355081,0.8046171772578471,0.05840757921992785,-0.5897283636787934,0.7566018433255781
800.0,0.06638109441518006,-1.084878468774045,1.2003220010420723,0.0747101909327525,-0.9314400569096679,1.145201060242079,0.202552741400639,-0.18335144834940642,0.788091786412859,0.043923024633780394,-0.585521561277236,0.7609686409244477,0.12926318673534398,-0.1144903956274735,0.7781360707326508,0.12756094459335449,-0.5128656562261881,1.0032962883362755
900.0,0.09469936207885946,-0.8902333720587586,1.2305332060608505,0.035410690627009356,-1.1057249259082835,1.150651164578756,0.16996340774381696,-0.22597088336413815,0.7371673704933668,0.08010638842103504,-0.522612699080212,0.8833098535804834,0.19351563634236552,-0.04576203181061464,0.9889177898890444,0.1693932355064552,-0.4578631323564862,1.063621655285561
1000.0,0.2727522901964575,-0.548496972451968,1.5217412700030404,-0.02974185814971085,-1.1787112349974525,0.8635355459970737,0.206815185481465,-0.15239876560665783,0.758919093857042,0.0941341394177373,-0.4561100124815959,0.8748518097310141,0.2212857031129365,-0.0014603433584503814,1.018798164088334,0.15906097315929407,-0.4589397576631915,1.0608241437872896
1100.0,0.534051821542531,-0.2680027664132614,1.9099511296613025,-0.005510478676779,-1.0737592809483043,0.884417444001221,0.2701068174765817,-0.1049405522008666,0.8145741527280945,0.03888272648483835,-0.561923207899677,0.7485343286898914,0.2435874535815585,-0.013452419817726902,1.1179745427519776,0.1627206255979345,-0.39680970713364755,1.0844810634098734
1200.0,0.5861022143449875,-0.13893387249029834,2.1090730957034673,0.09694489334821675,-0.793660389551868,1.1602331383561897,0.3314160187795235,-0.05256760971696145,0.9330427632430067,-0.011680131581936249,-0.7036499612564202,0.6294001832939597,0.27067296889510073,0.008494079910870792,1.239757606594147,0.2589143786253668,-0.3200200581677885,1.34871143687591
1300.0,0.7545630477900691,-0.04134775315303843,2.450313949896968,0.145451821189155,-0.69092996052062,1.3901636576743621,0.437247059024257,0.009728751940540343,1.0602157103719168,-0.05677353964513005,-0.730736894328948,0.5940492506458717,0.25145909074479245,0.008570622528210219,1.2127688866918098,0.24432275958349955,-0.272294772003136,1.239838088922248
1400.0,0.7361827272477836,-0.03316835067079585,2.403785435285413,0.15397209668468997,-0.6334518743819529,1.4282967034216587,0.3552025755534731,-0.04202980101565775,0.9382235879466535,-0.0793214098350951,-0.8107657867059016,0.4921184440370137,0.2431222873313425,-0.00038112102469606507,1.1596767770209964,0.2072119343030627,-0.3771386019511724,1.0752485974121941
1500.0,0.43064716859662117,-0.4198485495062532,1.867821899373662,0.0856040076651983,-0.8156823437675212,1.178813439174739,0.33065075965189694,-0.08570781424932551,0.9135509978439071,-0.08643865916151136,-0.8619850569256752,0.4558618869670891,0.2405199078752485,0.00836809999917037,1.1630678214440122,0.2508545834500375,-0.296489791084244,1.1932352837602294
1600.0,0.4099791409995056,-0.6042730568767454,1.7142150245845853,0.08452272780894204,-0.7624288249460754,1.2045971685295949,0.21006262346856405,-0.24026943290421765,0.7642900233978465,-0.10013314271864755,-0.958620300138312,0.41792641590141866,0.25479455685305036,0.008245563401111074,1.1825985840321331,0.309273226253855,-0.1871687353941747,1.3440679120179015
1700.0,0.4930419285015095,-0.43347602655096834,1.8705097018124304,0.08378834647980421,-0.6818079756874053,1.2200037370230041,0.1798340451066966,-0.2828116734519413,0.7177707076686642,-0.11094950183957715,-1.029997472359631,0.4079775327250154,0.2594679291208255,0.019009213443613542,1.2062747837307872,0.350893288446568,-0.14255040645064182,1.3990219769652634
1800.0,0.4580090138188868,-0.48110647285423985,1.766686300619506,0.13311280290907002,-0.5998243964906874,1.3421359305780771,0.226513410731776,-0.20458335924371726,0.7449311505210766,-0.057662009179799356,-0.7776402730993072,0.5017575254963781,0.248200519581029,0.003096896811223916,1.1745665224936381,0.377297375302532,-0.11944971614878032,1.4393234878612393
1900.0,0.28544186355902473,-0.6569212523518975,1.5096308461754364,0.1143540477496018,-0.540389546239863,1.1586050794609026,0.23868062729909867,-0.20708569720817838,0.7403522837839501,-0.01241616435784355,-0.655444185365482,0.5827917925252024,0.242833335827888,-0.004699645841746174,1.1781416308913413,0.410717064500079,-0.08033884625878954,1.5725772469692072
2000.0,0.1970806608298665,-0.8655388324262054,1.4607056502587792,0.09516775177982839,-0.5924498472054541,1.099902164338058,0.2262519501942045,-0.1754396357459768,0.7213229584692527,0.0216023695489814,-0.5533326126044957,0.7194218017049386,0.234634410313966,-0.012844406732940154,1.171441810697444,0.4317580894698795,-0.025355652778291132,1.6876716233188411
2100.0,0.3273738059296195,-0.5836176992654448,1.5780001504176886,0.09338730564132486,-0.6434020291755549,1.065848080869322,0.25509352318533646,-0.1536344419248426,0.7523420736292121,-0.046525337867094146,-0.7424569054279411,0.6125042105408632,0.248183062474146,-0.010387949372494092,1.233991381859977,0.47472660329011307,-0.005315699862772654,1.728055549661305
2200.0,0.433380610265646,-0.43691903640348556,1.6771210453228624,0.1062304370961145,-0.6106402120201814,1.135559245051982,0.237515779863849,-0.1884057161246995,0.7514693084676398,-0.03027169640261325,-0.7182309442213994,0.6382050072469999,0.26808374456383,-0.017696404787996122,1.340153049521198,0.44556846863360666,-0.027998770761456123,1.7011569661811994
2300.0,0.457810324056779,-0.38561229572339867,1.7581379331497657,0.12118361472610639,-0.5674941498590365,1.2370442038134544,0.21797182513463348,-0.22027460923000736,0.7472975723287382,-0.06391949007717265,-0.7930115743478177,0.5673106755384416,0.285494885633067,0.032103998582146624,1.401662419122821,0.430729765599081,-0.03617387279166101,1.6216226588699187
2400.0,0.367248379239127,-0.5093730176243149,1.6037154605609583,0.10023059241943,-0.5866897330609249,1.1168079017142332,0.20154558110154502,-0.2503289251823195,0.7201236900690278,-0.0219782765193383,-0.7273374223523105,0.6363738819030647,0.29553502717678964,0.04423357805525167,1.384811705443432,0.39341390250946895,-0.09794691459043572,1.5528108406647423
2500.0,0.38687675252708753,-0.35429776184985207,1.834425806420973,0.0963829865640435,-0.6109110681039227,1.1441658897790208,0.225065063479065,-0.23581548492910567,0.7569146880468286,-0.012755391524339299,-0.7220903464619443,0.743876071969072,0.292321755332829,0.012585114209341707,1.3589198941745075,0.4066166169466203,-0.04737685275801199,1.5436447744229722
2600.0,0.3294322859087165,-0.46314622415620155,1.655890885287116,0.0734672612531959,-0.6306973835102879,1.05788394640407,0.24458021505309424,-0.20315247119178761,0.7879509268196803,-0.016507419293810298,-0.6889206328080857,0.6873948998906635,0.288079222094548,0.02412818181213685,1.3786671113341993,0.423143292803133,-0.04843792021352476,1.5356081290449117
2700.0,0.334870150152223,-0.42008894255630397,1.6952299481804758,0.1040627097611625,-0.6154574358717408,1.226292656078452,0.25495745745933596,-0.1948010940210143,0.7702015866037486,-0.00589771645350985,-0.6230210940175145,0.6468282775721829,0.29489221966873347,0.02187771248492053,1.4123835486671683,0.4800156671367975,0.013413729437098931,1.6612060543213139
2800.0,0.5366965157757355,-0.18478782634971774,2.223308724455029,0.05345510033085845,-0.7049395662803244,1.0224700433253946,0.266052756614853,-0.16712364133501006,0.7518333884333701,0.0237774690478268,-0.5646493669157121,0.660444194233761,0.2925405136115655,0.042598840233401485,1.414044065836657,0.493944015524464,0.014497126844271594,1.718677876272227
2900.0,0.6628285754626104,-0.08725821928954054,2.3808554121403174,0.051580348239349344,-0.7497249466149706,1.0512994824468758,0.25579911929363097,-0.1922807527449665,0.7228578182350462,0.0225196359952309,-0.526024777976928,0.6671870777594986,0.3012507839450883,0.04420352940353764,1.436327229002272,0.5251075381264575,0.06161511513936204,1.8413041757475872
3000.0,0.6781060269055841,-0.1022014674226828,2.195182891367472,0.07432766193046064,-0.7165308396304975,1.1638343877802284,0.2407884787712835,-0.2006994145877742,0.7460070819296408,0.05877746177650425,-0.46310009526453066,0.6981357614836737,0.319216446481696,0.06836071291935047,1.5364946766305638,0.5122765636369844,0.05290294537449474,1.810577114454768
3100.0,0.6913648990027749,-0.0760281539413454,2.205688079277131,0.0881798933487708,-0.5971276495456531,1.1591986557081042,0.2137129789870195,-0.2191438426377656,0.7088380765961163,0.09319949293775275,-0.41634104994533105,0.7918224044432438,0.340177665645801,0.07965989685970916,1.6020858939138969,0.4684518693430925,-0.004077214405307165,1.791316515261346
3200.0,0.5763816351537655,-0.22542686683868665,1.918793765284029,0.1201880115951945,-0.5654287510827389,1.2330934489273424,0.2083427880873605,-0.1991999755259231,0.6646187873662607,0.09888858023858925,-0.3647870229127444,0.7868094460060134,0.34224101065253554,0.08700443721343566,1.6096430642787551,0.432139534031978,-0.031657315105968684,1.7530568726317461
3300.0,0.5983496294931532,-0.1933457173628741,2.0963623152292468,0.1181156853597865,-0.5805159200844652,1.1588370591476507,0.198221795852873,-0.22862064392651538,0.6612188107646897,0.11309588082650049,-0.36504431398840537,0.8201442613967355,0.3472629317486977,0.09642970995398194,1.641531286447585,0.479259511654591,0.0143727727144833,1.86701057130199
3400.0,0.5709578662094923,-0.13848362574816586,2.2925870267958937,0.13809632718502407,-0.49501620798570584,1.1624318976683388,0.18800386289402737,-0.21503376645056774,0.6837156255805797,0.1096574648831194,-0.34422564889859203,0.7835774881743883,0.3485105214154301,0.11208516224346736,1.6616870294259252,0.41994996614359903,-0.02890292520336962,1.7007805768893436
3500.0,0.5672077184730271,-0.14853062995210378,2.4837865148254825,0.19089578882084823,-0.47140677755288984,1.2293651682823212,0.1996361890098745,-0.21172055833032832,0.6711653575287696,0.12786064984315426,-0.3505047341426931,0.8576825018656137,0.3554588280677785,0.0982701736626394,1.7743775371787183,0.4204450820849288,-0.05590259853024409,1.7255089341658096
3600.0,0.6505077402879966,-0.08927020560174136,2.781578010761981,0.25148116824614153,-0.38913341944474983,1.2823731656481623,0.2070152719692098,-0.18426162535034316,0.6951631136545142,0.14644827915788,-0.3494566552536975,0.9622605421611897,0.373648567048125,0.1213975332466255,1.79625994836561,0.4133885554004329,-0.044252269785470366,1.6805054662923473
3700.0,0.5914383602550372,-0.20249189600095685,2.619191596046856,0.30693591061579,-0.3385391779164904,1.3900537376109259,0.22306656854324,-0.16902341856359407,0.6935978368674296,0.152540253435494,-0.3404102327710893,1.0345638078278594,0.3932727060373315,0.13327309489584327,1.949295866529342,0.4388124114799895,0.000350620623917343,1.8080574820522601
3800.0,0.46663591150772965,-0.3289518994691532,2.0447539352704647,0.33272577704566775,-0.32081051900562024,1.4401710454493855,0.2257739872268672,-0.16869381385337995,0.6859079929891168,0.159557772653518,-0.3233096340844314,1.0193486444369808,0.39663907834086864,0.14437013630844367,1.9812438105073993,0.45235771567574523,0.017727013793418546,1.8740761705144986
3900.0,0.3271585497096995,-0.4973902715870243,1.653482285378064,0.27986993861131737,-0.3131758039135271,1.3788787217582523,0.24719211935406,-0.17261324740818565,0.7336470626638445,0.1767659862947365,-0.30629799102122846,1.1615204755867632,0.406083637644092,0.15712302255275173,2.0217333529855215,0.4903188141228062,0.037672680433323266,1.9406014745607132
4000.0,0.2304186635618285,-0.6144480891019073,1.4355828490964377,0.2691957614315912,-0.32157686862536555,1.3683432119898435,0.24993210528982618,-0.1457216689788504,0.7501103237512238,0.21077596289456352,-0.2550212028125602,1.21276671151193,0.423953784178558,0.18643005472438384,2.0200723761312873,0.5184462245380175,0.07982117290347077,2.0426308574985406
4100.0,0.2075290900419437,-0.5925619971788594,1.5149693973287457,0.320271167071997,-0.34652944906067684,1.4793630563759002,0.26685733406431766,-0.16244641605817084,0.7710149313457588,0.2067002813813785,-0.2731790128677344,1.3003362880496154,0.43412439159653593,0.21007366505441122,2.0739494683467803,0.5882034889801909,0.12881306741126755,2.25482417981638
4200.0,0.20760637605614807,-0.6275740135938491,1.485893064389701,0.2927051174335496,-0.35665693907656826,1.4810436583796582,0.27132862915350053,-0.17414596356151119,0.7988925095896106,0.247890932915487,-0.22126146562525625,1.3539004314742948,0.4454521446899352,0.22258355351058784,2.116693370430297,0.607505469456063,0.13302919551682538,2.3379205467209028
4300.0,0.202098348416692,-0.6064365133065956,1.5761032623982134,0.30742426944363455,-0.35808193400981203,1.5148783878717231,0.2817978607853917,-0.18285942698441518,0.786379676053817,0.242861693146109,-0.21331714375425845,1.1821732483857548,0.4542599848561655,0.21923805025235046,2.241559020628126,0.6305685434565683,0.13978356587839094,2.47039532069601
4400.0,0.2177189654034395,-0.6004925387404912,1.679354724699288,0.2939307500396777,-0.31652520330885975,1.5563578880858007,0.2782413383140564,-0.1656984325772538,0.7649137968626107,0.230189464896011,-0.18482024267909994,1.204471265065814,0.4700987030231025,0.2320016224601902,2.2896590494968074,0.6365015534842042,0.1724379152849747,2.4675680982695924
4500.0,0.2017934065158845,-0.6292331071369522,1.604856606296107,0.32060313688250625,-0.3535331375337038,1.6538511157539553,0.25888671529451046,-0.14865821730986772,0.7570132825117547,0.23847220571626998,-0.17277867496158827,1.2052590684426034,0.476990802556968,0.24391450849692534,2.3003215949746587,0.6709879307419802,0.21597521946374093,2.592794791662526
4600.0,0.10182784047697,-0.7722489991951437,1.3230819927226816,0.37110267380048056,-0.2692857410746501,1.8290803587944475,0.2443236806092135,-0.17157523197874452,0.7373922188026987,0.2282303283374505,-0.16246335996805586,1.1824230535632854,0.4829797286067375,0.2397761219345726,2.365102724176303,0.7122021266127663,0.23129671798115187,2.7092326573071968
4700.0,0.1054368443114949,-0.7501431331259589,1.2776329706282499,0.399514636072085,-0.20395914090645792,1.8145351172387583,0.24615988326083849,-0.13575023315936793,0.7659412490913672,0.221331210712782,-0.19455315055609423,1.235027608474299,0.4867639213200231,0.2313784704468704,2.49102279922242,0.7177243675925729,0.24233304760330157,2.705816994078674
4800.0,0.1849776555042567,-0.5958774684308775,1.406640894384104,0.4073436803670785,-0.24083093949357023,1.896348766901175,0.28974288758224853,-0.1070149542794291,0.8185939469226893,0.2342201484255385,-0.18199834316900293,1.1500549250764425,0.4897437467840615,0.24536575887899145,2.5207541108809406,0.7580745735637313,0.26387478356302574,2.7900316766921884
4900.0,0.12537162314909367,-0.7061914081619599,1.317235922182564,0.4496166644793027,-0.19997493880299771,1.8599094217222838,0.3132570627516515,-0.08404848693275263,0.827034125255132,0.2407408964623479,-0.17793235889001188,1.1373938427608994,0.4908195179027065,0.2408605166807624,2.5172236849807037,0.7369960625685581,0.2289366744697881,2.771404365753956
5000.0,0.0505600019104405,-0.8413771404300522,1.160657761525173,0.43144951982644897,-0.23680834783909402,1.898563574820819,0.31967715948739295,-0.07494607069005028,0.8784540324283849,0.227803950511619,-0.1946415193074601,1.169212893628936,0.48791688118807097,0.24577359440835658,2.411934882026185,0.7389788446389449,0.21372394959906818,2.7788255209732573
5100.0,0.08343438253856945,-0.7997826326162158,1.2303248746475934,0.4418763173066085,-0.22688303901558193,1.8044071862360478,0.33860742343306927,-0.017898785829896343,0.877424743574224,0.2180469874753869,-0.19544070886766987,1.1903821361922213,0.48218330366105855,0.24274479254747253,2.377891860293447,0.7205538042126955,0.21853668250637326,2.7963916840765495
5200.0,0.1217163701677192,-0.8047313252990287,1.4306060441480521,0.44065369444832003,-0.24780981301735935,1.8961608823839775,0.346900708440672,-0.013902647222753924,0.8903046551719783,0.2061250926667375,-0.2204870537137367,1.25156517211913,0.488754284585151,0.2564870127294646,2.426066133370184,0.7117892576768026,0.2004066048481619,2.7911301456010125
5300.0,0.10983924655672786,-0.8825449109536189,1.3336631812815225,0.435496606244518,-0.21200325665755151,1.7307482416855036,0.34967605969465054,-0.008174958752016927,0.8968869664338148,0.2048021823441375,-0.21297401376676164,1.1593872321969136,0.4861210798698305,0.22973023919062407,2.3849505095736214,0.7004791077548715,0.19954852450177415,2.77333868455181
5400.0,0.0692252929387567,-0.9519501065267821,1.2458373566582792,0.41546475376291947,-0.27183123577799756,1.7554374387107334,0.3385352485790365,-0.019084096951770966,0.8833574508333375,0.19295438816883698,-0.23492166600142916,1.1199037147488942,0.4820553453885335,0.21583892285748277,2.4225603013967443,0.6873753642941697,0.18976368067359534,2.791925456041275
5500.0,0.06692868235496725,-0.9326698995452717,1.2628654135098765,0.370642493535788,-0.2953542076690505,1.747525129366211,0.3566628724630555,-0.022376627279324334,0.8912278031543259,0.2022720661437615,-0.22512221498792748,1.1587644202108225,0.4834317914518735,0.20306166479746662,2.5056851818177694,0.677398792356281,0.16503626286924714,2.833924883670886
5600.0,0.15345401525763802,-0.662701287870699,1.4582968901616835,0.416055012688926,-0.25502859152741225,1.8338420541310692,0.3457258178803395,-0.03371807960575395,0.8513258862128863,0.17373382048862995,-0.256326246927455,1.1673876718891154,0.49588100715212624,0.23066610004655194,2.5780350638040086,0.6863145503182515,0.15873226455900963,2.977177502635242
5700.0,0.1651368466710545,-0.6723011645011768,1.5028109697617706,0.41490558433937597,-0.2567131507579708,1.914884081251861,0.3280326438515935,-0.01803534151145603,0.8622525340905657,0.1578576758533349,-0.27254649794323976,1.121454261699018,0.5030214495229155,0.24985949794849205,2.586549980216006,0.7111593481068947,0.20465581946434638,3.027407051849479
5800.0,0.1706093799507305,-0.6981145318546738,1.477895726727826,0.41459015621912687,-0.24597026074954662,1.8799229523980452,0.3313171987960223,-0.08154711902865243,0.8542362676286918,0.15585222723787956,-0.3283689040210541,1.113351877111485,0.511394050092338,0.24653451247211147,2.673315719380634,0.7246261567885809,0.19714776379247625,2.98017246076545
5900.0,0.14771007047436152,-0.7555080789876754,1.4597831143335585,0.40876713447344093,-0.26417292009262977,1.8887839427352937,0.26199141223977446,-0.11383170317916595,0.8116216215908968,0.1697318475317215,-0.2977542543284779,1.147031735164871,0.5221390214512645,0.24101405086718422,2.6569036206822947,0.719539509717138,0.21386930825414188,2.8924003851366145
6000.0,0.141924465686783,-0.763683348680948,1.352033693065983,0.40725376632568044,-0.25185429337747084,1.8753207221502097,0.25332035203291003,-0.16013925102084395,0.7725747431608666,0.1995418002405405,-0.24696842867195945,1.2264941264616378,0.525185251968292,0.25270997662279193,2.6655609820594464,0.7129975565988832,0.19431507456547303,2.926772539843453
6100.0,0.1791804650888085,-0.7818357643854107,1.4337558285122955,0.38204647280216697,-0.32276330567263234,1.8276303426616365,0.2037928810566955,-0.22759306485315403,0.708646760593757,0.2072016412450155,-0.1954364514109037,1.2676248033853117,0.5402551307150605,0.2868031246357015,2.6776382682287636,0.713264370515197,0.20775803577018764,2.9363231304117456
6200.0,0.27393234253884347,-0.6172661107885158,1.569503542827893,0.3763245760152686,-0.3190776553087769,1.8836789700468515,0.17661315150481705,-0.2585543308798668,0.6922307168170772,0.214399162360037,-0.2276135302187332,1.2490237910578037,0.544891923198246,0.2761891699155184,2.752746764254695,0.6706403271991752,0.1719628315785035,2.870353228411397
6300.0,0.2802267958374332,-0.6603091363066123,1.639979146610174,0.33596953897204096,-0.32849333785988494,1.8835235337858611,0.1767271885960272,-0.27674977486745966,0.6959092091113328,0.21968781575105045,-0.2230899334664742,1.2709135249055958,0.548625557884453,0.29259855583165095,2.77698185201982,0.6784023382760724,0.14854522862653885,2.9444594780680466
6400.0,0.32770296511167807,-0.5384118483170313,1.7172623489844019,0.36462787483148623,-0.3216561224663996,1.8871490912290707,0.1693924882060315,-0.2843702833842786,0.6756349125424541,0.2401363300670315,-0.2045904967467488,1.2844858795697915,0.553505759879494,0.29173163426796633,2.80443953854823,0.6777006832660311,0.13883076035025907,3.0136532453498623
6500.0,0.329711604472651,-0.5999557369023822,1.6151498453774245,0.37021826242771433,-0.3661676771465436,1.8808217649924268,0.17267493582168048,-0.25480614601230384,0.6848296522399517,0.2423867244476042,-0.1885358406048064,1.4893725106850804,0.5479724819086688,0.28721580912887007,2.7952397588487963,0.6630154508046135,0.13536620858407425,2.916575908075774
6600.0,0.33668596852382904,-0.6659336666059689,1.691957657712201,0.374374986718064,-0.27934372004659336,1.9099132397331597,0.19431775600103451,-0.24420133765388266,0.696143441093746,0.22262537540613106,-0.23556290889117865,1.401983295332762,0.5406000270538657,0.28224380134063976,2.823085174451359,0.682801496387768,0.13730863629958978,2.996543312277635
6700.0,0.284353332937288,-0.6062349372435214,1.6044551225354324,0.4547558250007595,-0.2676280011259792,2.101644305194801,0.212545171875105,-0.220050565465572,0.7486998220382337,0.23201332088550353,-0.2701574282233943,1.3105928568903604,0.536779038430787,0.27801775833383374,2.76137354347991,0.6923046171663201,0.12117280453083473,2.9790602015155505
6800.0,0.1944556210462402,-0.6817111511832702,1.4194619708741043,0.5104396815274195,-0.2106538605657138,2.255707368401387,0.21834141270038326,-0.19003267929666814,0.7396408086022483,0.20060663736850246,-0.2707293797602651,1.3355737020048126,0.529525467938461,0.2644484081626383,2.706175754334026,0.6939593143763241,0.18083626318529586,2.981544283987874
6900.0,0.0981201476862498,-0.9280344877701417,1.3029509039562384,0.5371634846615877,-0.19927052828019948,2.3265840572967997,0.210385826930303,-0.18823844540958012,0.7393083424475562,0.180704269396748,-0.32486908327886993,1.3038454993336346,0.5217298502324383,0.26295998856252406,2.673313684767218,0.705906611634949,0.15237308583846726,3.044704428485495
7000.0,0.08298014460322131,-1.149132992340727,1.266604368740238,0.5758194347279091,-0.15064377322131495,2.27998544484204,0.2189517008695605,-0.17020259535213492,0.7355733408114153,0.172269700094524,-0.3289362744564237,1.173128876026492,0.5136199270498046,0.23582069908879963,2.675838050249921,0.7210028459942065,0.1725721103002355,3.0986983608486045
7100.0,0.02867017679845075,-1.4245405544393877,1.1295637137401089,0.5911253187029325,-0.11786700271491375,2.40603713419287,0.2312571851661995,-0.14518261670358149,0.7633647701921324,0.1766769786912408,-0.3288638442211286,1.1021464728708745,0.5041916925109826,0.22745331116164233,2.628265579211779,0.7242195420477433,0.17312156987385233,3.1401003060073482
7200.0,-0.01862771286298115,-1.572407184942304,1.027715213367448,0.6081234080971628,-0.10465625277653856,2.3856978925984538,0.2557249952763895,-0.0948281516551015,0.7550497923803824,0.1464658765473855,-0.3363831654613538,1.0199535583469692,0.48967981231023405,0.21309611851183202,2.5914096560603834,0.7088230696833803,0.15464885490885477,3.069873501670517
7300.0,-0.01024456647671965,-1.2627805320594974,1.0379534842187472,0.5866134197806758,-0.18957331207604491,2.301358936393531,0.2785229260480085,-0.0824961257742538,0.7839420535001751,0.1354429875447895,-0.38016758511080695,0.9992516189228106,0.4779057677493592,0.20109873388889274,2.4903763634548763,0.701045424395805,0.14357479368025966,3.271063798553951
7400.0,-0.00314834823656235,-1.3170268550194935,1.0837165337107904,0.5950423526320795,-0.1665038447719301,2.39451290478495,0.28293771268846746,-0.11545937099890005,0.8043158675649468,0.108320897803086,-0.40898325024365934,0.9313777527680391,0.47495320470055513,0.17771561911556366,2.4294627651635654,0.7263618309651075,0.1417294492433752,3.3282436844306607
7500.0,-0.0257973816186072,-1.3889910131255394,1.0266306111080348,0.5725756124300629,-0.12926361909127587,2.4171001549300755,0.28417166491150603,-0.10098120106172771,0.847072929101577,0.105558088320095,-0.45449962802904886,0.880718735360137,0.4450445902708655,0.12331368174077556,2.338020951992309,0.7274040082103935,0.12767596337296774,3.2962078069624674
7600.0,-0.01083004795070825,-1.2892377866238496,1.0366489107724342,0.5574803971793345,-0.15313191642445612,2.323340209188695,0.275786268821969,-0.09816428448678644,0.848284768912846,0.09875683876728844,-0.41503324343494585,0.9373633316036365,0.4287439123652995,0.0921282852209167,2.232315668012822,0.730818685514433,0.14900163658331567,3.280170292477134
7700.0,-0.0227255443246281,-1.4064326251763135,0.9357027045269786,0.5541227377077985,-0.17852973635843233,2.2881397006126005,0.2709265463411291,-0.12528582835233168,0.8318577589826736,0.07279417323359265,-0.47619156057544426,0.9258442871986146,0.4038980161158915,0.08341010626662006,2.1213597873116736,0.7291507615310315,0.17325557740844155,3.2468641704388523
7800.0,-0.04437591403080425,-1.6694704455623883,0.9061314528707345,0.5243843943092095,-0.18217539202281224,2.336629235506427,0.26178289644553665,-0.10284225303858155,0.8090480097041164,0.11817252320141455,-0.3842053802057104,1.0106204006498043,0.38308349911232054,0.08139986003674206,1.9603932321819966,0.7405146975859276,0.19881846562998395,3.307236884455719
7900.0,-0.07192396238663815,-1.9343635249726794,0.9329755400024576,0.5415886694875987,-0.2042311422865765,2.318192910089212,0.24586250771047985,-0.12599744680775646,0.7919604188789188,0.11813876060487616,-0.40053639825174525,0.991948578764632,0.3622104126492858,0.07085663539306937,1.875853303474249,0.741393552684356,0.17031751099712097,3.234339096886389
8000.0,-0.0745025205654548,-2.184443191556959,0.8656866431787756,0.532175756269365,-0.19277866619653067,2.2907096103703837,0.2238271019847785,-0.1579617274113269,0.7460226674392827,0.119695906323917,-0.42495707931496995,0.9256309979208518,0.33517679450869337,0.0234182094202198,1.7692959335409106,0.7216981532968034,0.168767317468086,3.180033177280306
8100.0,-0.08360741455519635,-2.00752549568403,0.8769779323756548,0.561457702023633,-0.17600271196775968,2.2704714794033665,0.1971331408782505,-0.21139477137413074,0.7349038207742958,0.07886089459545409,-0.4957715198952348,0.8886997113916246,0.31589673270671115,0.04416779062257739,1.5991647051603246,0.6601489373519015,0.13521477050903719,2.879211204621134
8200.0,-0.07469010271742754,-2.1317769930550776,0.9672124754414019,0.6271887940303437,-0.09173276218547674,2.3637616001239077,0.17382995346298652,-0.20730954598461274,0.7124843995120476,0.040982611156375554,-0.5142328078252897,0.7483456361046237,0.28396245400321274,0.01356474301937215,1.4504235326992283,0.6084282548636245,0.0917296852598595,2.657638838706294
8300.0,-0.06525836195374905,-1.8816155622236255,0.9337992511985319,0.6735524988670175,-0.0368355410599965,2.3958121235660372,0.1429780574069875,-0.2609181140272509,0.6729710127781486,0.008997983888928699,-0.6047609906131071,0.6641292714631748,0.25942008946128614,-0.03240671083226943,1.3801628893990272,0.5827109022232725,0.06294602907468938,2.609137486554072
8400.0,-0.05061247582851315,-1.6942798130947474,0.980378963788644,0.704957643319149,-0.0708663182477737,2.427399978380637,0.1199374802152931,-0.29314422340909657,0.6605542841332384,-0.02917429048772555,-0.7185936561066071,0.5733067037839781,0.239815945212569,-0.04027780283793189,1.2155916361720802,0.5535759893479035,0.01300324977457943,2.6010814441239485
8500.0,-0.0051346817122701,-1.4482716368937536,1.083277078145944,0.752825566834431,-0.01659911527220673,2.3765427461377517,0.10160176054079251,-0.3034152852792254,0.5806612382355782,-0.06451209498133335,-0.9035678821270234,0.5195379886660451,0.21125296012258948,-0.06902129636690105,1.15905174421677,0.533344362849574,-0.031190195687988836,2.540612680896611
8600.0,0.0430015641693446,-1.0910067806958579,1.2104552388823144,0.739784523880104,-0.016789079187649627,2.4564342395132464,0.0997211529402603,-0.3275214082628544,0.5867639545332864,-0.0831578499197212,-0.9360735035525066,0.48485862580111727,0.19280387437160046,-0.09726204849875472,1.0244802395112196,0.5223239407099209,-0.030550833549012203,2.457267745894385
8700.0,0.08616670722356745,-0.9057182295199632,1.3477174491451032,0.774967459016568,-0.01689078757199795,2.48254203679784,0.10010629431264001,-0.3087497204916855,0.5953763965064915,-0.1239862083323255,-1.0622142382970439,0.4482943422068524,0.172104869086248,-0.13638946443897768,0.9603874216051568,0.538378414782509,-0.02296263016893874,2.366820463185019
8800.0,0.1763930550627085,-0.7538061485769083,1.4461107595859697,0.7956774274605145,0.045978073659835465,2.522209394555487,0.09945419301835265,-0.32212566568450074,0.5780339594420979,-0.15299127889567848,-1.2180716892174344,0.37261324120509454,0.15151891257387745,-0.15604729084398136,0.8595389383277203,0.5515271655228711,-0.05681730372475329,2.44225487750023
8900.0,0.22595876046175314,-0.7246991491206801,1.5245473478736504,0.743135167259657,0.033816700581833385,2.5058235432101075,0.1011790973735965,-0.30056677485013533,0.6027699354872773,-0.1774463669334425,-1.3210861476270706,0.37111008536310774,0.12672880739862,-0.17384077563234573,0.7603454719659216,0.561298270878505,-0.03733520882914972,2.428375549171489
9000.0,0.221617021962313,-0.7724200010901213,1.609557642536739,0.7503284803319318,0.03539125952916667,2.4668150641679305,0.108970692209809,-0.2779582829712796,0.6427024891925468,-0.17793707370580236,-1.386026082275546,0.3405991607820909,0.101184211465804,-0.2011780356829011,0.6653248343780596,0.5480724885603578,-0.04964437196954467,2.443022268598146
9100.0,0.29736171180019855,-0.595762662379787,1.6389593839068899,0.7583069728710663,0.044056301801667655,2.507211396405401,0.11875702311337225,-0.25562611711857885,0.6313163912853327,-0.2031744381293477,-1.4952431561206365,0.31789709745205164,0.06842592310921186,-0.25573941702613645,0.5518596361432321,0.5600411332673474,-0.011119761426787498,2.4191250429837687
9200.0,0.3382976898300914,-0.5149657104052845,1.7379711415292893,0.7611624621994265,0.05073747520659537,2.434975287552303,0.130762004713088,-0.2372813431398113,0.6714901377841076,-0.22082872196748798,-1.520031917047358,0.29782976372916253,0.03346863954917095,-0.3517316953251108,0.45059878721075086,0.5362425950349193,-0.01735786835511797,2.2786665947457627
9300.0,0.4098566812555855,-0.36718291925400687,2.140483983160133,0.729451968574464,0.031670869501862375,2.498444027228508,0.14725211297009994,-0.2244976591022223,0.6618831402287015,-0.23633874224845552,-1.5929666048502626,0.2711390598135452,-0.01299118813486555,-0.4745773372158386,0.3782852303595169,0.4890099951401095,-0.07567954156238338,2.150958150887154
9400.0,0.5543547081289852,-0.23725167088426177,2.3505651779521317,0.700206732897017,0.02042815524699807,2.4839928059949714,0.150018414467062,-0.2493169953047232,0.6730891814794921,-0.23787609418546501,-1.791449520353305,0.24891943489379645,-0.058370808242027894,-0.638555945333367,0.2876115636983724,0.476444803642591,-0.08922808291406993,2.08215279839141
9500.0,0.549396081210753,-0.25778048684729415,2.2876865197207623,0.6819340183749374,-0.06898873546481327,2.394715510474441,0.137466412576912,-0.2386672088385361,0.6698575459856287,-0.2468621069104855,-1.800117608790866,0.220804906116507,-0.1123976537979265,-0.8139007963993404,0.2035218087538758,0.4338481032949165,-0.11153326892460468,2.0040058196312005
9600.0,0.6072907909291401,-0.18810050252500485,2.3406080192528997,0.66006062334454,-0.04245196122546,2.3015577391679645,0.145424310427854,-0.227228790950519,0.6674302780030961,-0.275524655064709,-1.825588525625726,0.19082311706116414,-0.1765042604362295,-1.0832362707469574,0.14182513022048066,0.3953397013203295,-0.15837906433933643,1.8678909020053285
9700.0,0.5723962652054793,-0.23109736829847244,2.11274430285329,0.64127739893736,-0.0393137858458643,2.308063771601367,0.14018375586145648,-0.2535249671333904,0.656591396364347,-0.287009247756709,-1.874923791330166,0.197628502182315,-0.2497305052305925,-1.416245804286352,0.08947966402658322,0.3480931233875843,-0.23117098510142411,1.7629480204148285
9800.0,0.507259940652521,-0.2626832252236843,2.146902457693866,0.550529776983683,-0.09337867770357404,2.1615023300154785,0.12707016735148752,-0.29885950012364954,0.643462875981051,-0.317203704004782,-1.9816664853647306,0.16109900641485264,-0.3055241797123355,-1.673055360373409,0.04187533227353802,0.30400268450470846,-0.2460660191990414,1.6558561304543944
9900.0,0.4974297789882205,-0.30783538640541563,2.1602286788314604,0.5507376959526754,-0.09548665148028398,2.2044762882010565,0.0985112938342208,-0.30504969261581594,0.5989995223375656,-0.334178353369891,-2.108986876080543,0.12902367775348578,-0.3729507033233604,-2.019924727368476,-0.02038443120238775,0.216154144802905,-0.4012421458801044,1.4851758281997212
10000.0,0.5077901949941379,-0.3742291576912106,2.241447041202978,0.5164283274499955,-0.12595193224186305,2.1736020170078505,0.0864962419337415,-0.3525536986217301,0.5934107862266319,-0.36372766920108146,-2.2285982474137023,0.09706317887133753,-0.44146177706157796,-2.4379401810105596,-0.07007456187758318,0.1483599000295213,-0.4955349884435139,1.3558094916183696
10100.0,0.5521725702175826,-0.26105413878887285,2.4443444366345317,0.475228870757395,-0.204060261434631,2.0828591023033374,0.08804899819198556,-0.33955068755682,0.6165197375756447,-0.376505035335574,-2.2755831089901832,0.07676495055118968,-0.5169521321764915,-2.8494000359244174,-0.14870186227069157,0.12429354441003705,-0.5350142860130964,1.2847718356518354
10200.0,0.5882165529864565,-0.2431940659774526,2.5029335625122213,0.4758616879320785,-0.20543355160356885,2.0241392223309327,0.07269956164342656,-0.34171572734545386,0.5562540216769616,-0.416127444580521,-2.416948295687286,0.05019029968986008,-0.5777412509830875,-3.2678578716621036,-0.20020922936524188,0.0816978934639714,-0.6353854792786392,1.1459599736252175
10300.0,0.6682530023145208,-0.20650084758615064,2.539932157442633,0.44457355320822994,-0.29595459715535805,2.034098613248203,0.0611523643273188,-0.43862225612335526,0.5241983676958858,-0.46106188071976534,-2.434936864393801,-0.00012358811930079182,-0.6603569591997333,-3.704585491411605,-0.2610628857416301,0.045031524653820945,-0.7534133868298326,1.062801803125495
10400.0,0.6353457650127619,-0.1805583466348214,2.445069681784371,0.4160108574714255,-0.27740582090882954,2.0064061431288813,0.0415622620621946,-0.4223346396528517,0.5420537157309736,-0.50128769334058,-2.7809561157699303,-0.03363761711377223,-0.7461305458223358,-4.165737528228644,-0.31399287399956444,-0.00977678090997585,-0.841920989056253,1.003706880938009
10500.0,0.6402760697993419,-0.23999486761961408,2.4587972660522905,0.39981025137744197,-0.30578007798533957,1.972984027484204,0.0277572997573714,-0.4771780618667018,0.4881058309982524,-0.5345384249934655,-2.875541529345182,-0.08515256656003443,-0.8184312447933726,-4.688065604806904,-0.384429028749841,-0.03165976717057875,-1.11122139030236,0.8274789567648624
10600.0,0.6639169520247807,-0.21221194216524475,2.613790410001519,0.38903497080579685,-0.29797150130984246,1.9819018803151662,0.0062989779808267,-0.4901154850877686,0.4482265304878073,-0.5917503707909265,-3.2707743986799533,-0.11177220616918045,-0.9010580931636133,-5.198792241858678,-0.4717315084808197,-0.08859190803228385,-1.4119977832092425,0.7419044847290068
10700.0,0.667643216020837,-0.1752938718411879,2.6609378207173604,0.38923112998228154,-0.3410351172848305,1.907981927163043,-0.0130743352849583,-0.5485075074132154,0.3847526478187727,-0.6297285614783488,-3.310599260957455,-0.14922153165552013,-0.97765528883397,-5.716072538093368,-0.5661853119211546,-0.17090221719706145,-1.6653222861755215,0.600430372317408
10800.0,0.7991152052993087,-0.13143812975951416,2.958228690686507,0.3985477259941925,-0.28784968382204884,1.934142186735696,-0.04505840939102505,-0.5939051100833775,0.36799506468648574,-0.680470319855009,-3.5192339665259054,-0.1670642375176544,-1.0505747966011625,-6.155805569111816,-0.6172603065039535,-0.2551849678925555,-1.950704776085239,0.4693160120222987
10900.0,0.8449348213349419,-0.05458096810541026,3.1381790742036326,0.37048202024060084,-0.4330850911599492,1.9021270566758819,-0.0650383235920201,-0.6330762001515526,0.34123546733967447,-0.7106781979879279,-3.6282253635750976,-0.1946760351252011,-1.1278500734205101,-6.663609832554922,-0.6795239977640213,-0.3569680374529765,-2.371631644488336,0.32835907649372154
11000.0,0.8571968965578806,-0.05157803589891243,3.0614128611263953,0.34324887367908297,-0.36858794546073254,1.7959648844482559,-0.0970560806595088,-0.6521350654611789,0.26921464419305086,-0.7644118307203553,-3.9234287808022437,-0.23740842383268157,-1.219931021496035,-6.999158900495806,-0.7682738873990977,-0.4479636371904125,-2.8540237825163874,0.2425504478456809
11100.0,0.8246601121451066,-0.07801597254117104,3.1715056294133506,0.3276389924117986,-0.33470039688138153,1.7618316507812777,-0.127535225353833,-0.7235355659542284,0.23968473584976635,-0.8152449892260858,-4.129052504888893,-0.2592146706732843,-1.296715694830075,-7.347993979469741,-0.8170319384506375,-0.533958814365062,-3.2343045670752453,0.14708145482084323
11200.0,0.801187545660152,-0.12623277296270805,2.950542021124069,0.30780746691640726,-0.41151702724777545,1.7759347127607386,-0.161359144997043,-0.8118512894433326,0.19446243382459696,-0.8736931423270448,-4.203199176225548,-0.2852506575717316,-1.3691090315691499,-8.023264252043948,-0.8863459996424428,-0.6124165317645525,-3.5652710998518855,0.07098801854878846
11300.0,0.681825306659759,-0.31751052245722305,2.659313615532083,0.26961099960971086,-0.4405936427791004,1.656963246941423,-0.2185626344529265,-0.8783051612742273,0.1356611417299502,-0.933770081445243,-4.594498856172414,-0.30250270642621446,-1.437021056241465,-8.576448800304892,-0.9334077905107226,-0.6826181983538215,-3.855023539749329,-0.007232019758757402
11400.0,0.5171948967790949,-0.46322336763274324,2.221925071479299,0.204799916877077,-0.5859729079631745,1.6174959965123206,-0.2639303279811065,-0.9514451964030136,0.12334237595946689,-0.9697690705841195,-4.796904963127456,-0.33581522964061605,-1.5059253902277343,-9.261012309925551,-0.9989305768404442,-0.7461093889524741,-4.210567758362124,-0.07415712682914126
11500.0,0.29140966898727044,-0.7485745363741644,1.8684874634068571,0.19193881497051907,-0.6384426039114537,1.5521285086502394,-0.31406856910744796,-1.0003502607173331,0.06259784172383441,-1.040947032334975,-4.9522270857158714,-0.3597296999314289,-1.60940365939335,-9.822699173977101,-1.0688573510295318,-0.8863300713940971,-4.565216927736363,-0.14762309276699637
11600.0,0.02229790856474905,-1.5066235145828735,1.3851696230236796,0.14018812232711664,-0.701302723120717,1.4792765998262685,-0.37003537466360187,-1.0990760806866908,0.043354559076985794,-1.1093995593955048,-5.046392610421265,-0.3794454796395275,-1.705350422064605,-10.421134915236435,-1.1395169513359096,-0.9836772051060555,-4.9404314484137775,-0.23654249892243923
11700.0,-0.0684415361146741,-2.2071389057068034,1.1659051051271674,0.11537926941458901,-0.7853575536004694,1.3579420912829978,-0.411919751272781,-1.1403790978169468,0.015267678282148638,-1.16116714352335,-5.360175990262499,-0.41149591689922727,-1.7980505786830099,-11.187770550366,-1.1759267577576453,-1.1144542810176299,-5.589490652446955,-0.32225610785987385
11800.0,-0.126241529662697,-2.872074467500905,1.0224705611627818,0.09379886476662169,-0.8773633407602773,1.2595156313961928,-0.4831238212901995,-1.2338695049608304,-0.011714447536226236,-1.229986861553315,-5.809072212882956,-0.43861785148228816,-1.8789620605936501,-11.52833892625349,-1.2795048001318536,-1.1973987237580768,-6.338622795987461,-0.3397354634130246
11900.0,-0.2248459374371225,-3.4467244032832607,0.9421690580324931,0.06796894553785604,-0.8840480511580207,1.2261241115675447,-0.5308769865152145,-1.3216685430604165,-0.017966653271793816,-1.272548348701965,-6.059109840449107,-0.4585546294571969,-1.9472828385718701,-12.292955657753295,-1.3323199244865238,-1.2505091592134598,-6.706285124017391,-0.39460981206913615
12000.0,-0.385026991192719,-4.76003241546074,0.8617725096129288,0.04818584516091885,-1.0159199354185002,1.1152900606128784,-0.601626228721,-1.3449015037166785,-0.029441446519123136,-1.2937022302252776,-6.193501646000748,-0.4763267055745177,-2.0311364575003203,-12.790031540865934,-1.3425546568511146,-1.3305359201913394,-6.975504198274941,-0.4212973052073854
